{"ep_step": 14, "reward": 2.2123961448669434, "actor_loss": -0.5391955971717834, "critic_loss": 3.272465467453003, "current": 0.42487818002700806, "y_t": 2.2338738441467285, "_timestamp": 1696903290.351012, "_runtime": 45.137610912323, "_step": 14, "_wandb": {"runtime": 46}}