{"ep_step": 83, "reward": -0.005451679229736328, "actor_loss": -0.999993085861206, "critic_loss": 0.00016643601702526212, "current": 0.9999996423721313, "y_t": 0.9870986342430115, "_timestamp": 1696903634.293775, "_runtime": 236.89834308624268, "_step": 83, "_wandb": {"runtime": 239}}