{"ep_step": 123, "reward": 0.0001251697540283203, "actor_loss": -0.9999998807907104, "critic_loss": 9.546874207444489e-05, "current": 0.9999998807907104, "y_t": 0.990229070186615, "train_PESQ": 1.1116989850997925, "_timestamp": 1696904122.87074, "_runtime": 339.7947750091553, "_step": 123, "_wandb": {"runtime": 340}}