{"ep_step": 3, "reward": 1.094202995300293, "actor_loss": -0.8050102591514587, "critic_loss": 0.804573118686676, "current": 0.9019177556037903, "y_t": 1.7988977432250977, "_timestamp": 1696886748.008076, "_runtime": 15.148725032806396, "_step": 3, "_wandb": {"runtime": 15}}