{"ep_step": 5, "reward": 6.160120964050293, "actor_loss": -0.9919997453689575, "critic_loss": 1.143949031829834, "_timestamp": 1696710844.867164, "_runtime": 20.96246099472046, "_step": 5, "_wandb": {"runtime": 22}}