{"ep_step": 4, "reward": 0.0013537406921386719, "actor_loss": -0.033032290637493134, "critic_loss": 0.0002546360483393073, "current": 0.7030455470085144, "y_t": 0.782832145690918, "_timestamp": 1696905378.5138948, "_runtime": 19.998563766479492, "_step": 4, "_wandb": {"runtime": 26}}