{"ep_step": 14, "reward": 1.059281587600708, "actor_loss": -1.0, "critic_loss": 1.7313470840454102, "current": 1.0, "y_t": 2.3158066272735596, "_timestamp": 1696888375.952949, "_runtime": 913.2790501117706, "_step": 335, "Step": 0, "Reward": 177.75485229492188, "_wandb": {"runtime": 914}}